,Evaluation Site,Precision,Training Site
0,['TEAK'],"[[0.11646586345381527, 0.6258992805755396]]",SJER
1,['SJER'],"[[0.6140350877192983, 0.5718954248366013]]",SJER
2,['TEAK'],"[[0.607764390896921, 0.7516556291390728]]",TEAK
3,['SJER'],"[[0.22105263157894736, 0.36416184971098264]]",TEAK
